"Frame","MessageId","MessageOrderIndex","ChannelId","Timestamp","MessageAction","MessageTypeName","OriginEndpointId","DestinationEndpointId","CustomPayloadTypename","CustomPayloadUncompressedByteSize","StringPayload"
"12","1E8D900649FD08BB038CAE9D502D7938","","0","2020.07.10-18.31.32","Publish","ConcertAdmin_DiscoverServersEvent","2E90944D4A55D9939234D7A9C3367017","00000000000000000000000000000000","None","0",""
"65","3875B7AB4813B378B581B891C55DE424","","0","2020.07.10-18.31.33","Publish","ConcertAdmin_DiscoverServersEvent","2E90944D4A55D9939234D7A9C3367017","00000000000000000000000000000000","None","0",""
"111","D126D4F84417488450AAA785A543A642","","0","2020.07.10-18.31.34","Publish","ConcertAdmin_DiscoverServersEvent","2E90944D4A55D9939234D7A9C3367017","00000000000000000000000000000000","None","0",""
"153","B2B1EA144A16C2BD077617ABFE851143","","0","2020.07.10-18.31.35","Publish","ConcertAdmin_DiscoverServersEvent","2E90944D4A55D9939234D7A9C3367017","00000000000000000000000000000000","None","0",""
"203","6DA170BF47A739A1EAD69989679F30E5","","0","2020.07.10-18.31.36","Publish","ConcertAdmin_DiscoverServersEvent","2E90944D4A55D9939234D7A9C3367017","00000000000000000000000000000000","None","0",""
"257","598544874BA9D65AD706A58604E6FEDC","","0","2020.07.10-18.31.37","Publish","ConcertAdmin_DiscoverServersEvent","2E90944D4A55D9939234D7A9C3367017","00000000000000000000000000000000","None","0",""
"288","4B13F9FD4AB5EE1E1B86538AD256B77F","","0","2020.07.10-18.31.38","Publish","ConcertAdmin_DiscoverServersEvent","2E90944D4A55D9939234D7A9C3367017","00000000000000000000000000000000","None","0",""
"317","5A7300B64511195E8C03C69348BC1413","","0","2020.07.10-18.31.39","Publish","ConcertAdmin_DiscoverServersEvent","2E90944D4A55D9939234D7A9C3367017","00000000000000000000000000000000","None","0",""
"368","D1360EB94D36E097E0E4E69D8865FCD0","","0","2020.07.10-18.31.40","Publish","ConcertAdmin_DiscoverServersEvent","2E90944D4A55D9939234D7A9C3367017","00000000000000000000000000000000","None","0",""
"418","036BCBA84CCDD04B19D4B2A2B24093B4","","0","2020.07.10-18.31.41","Publish","ConcertAdmin_DiscoverServersEvent","2E90944D4A55D9939234D7A9C3367017","00000000000000000000000000000000","None","0",""
"472","B5E227F3430C82EC877DF885C2281E5D","","0","2020.07.10-18.31.42","Publish","ConcertAdmin_DiscoverServersEvent","2E90944D4A55D9939234D7A9C3367017","00000000000000000000000000000000","None","0",""
"525","51F8AD974C85F2B0C131BDA578939B2D","","0","2020.07.10-18.31.43","Publish","ConcertAdmin_DiscoverServersEvent","2E90944D4A55D9939234D7A9C3367017","00000000000000000000000000000000","None","0",""
"556","222A9F3A476D2756E4675B8CD2E0A8D9","","0","2020.07.10-18.31.44","Publish","ConcertAdmin_DiscoverServersEvent","2E90944D4A55D9939234D7A9C3367017","00000000000000000000000000000000","None","0",""
"567","EDBE039C4AE11E428F41658B795FE7F8","","0","2020.07.10-18.31.51","Publish","ConcertAdmin_DiscoverServersEvent","2E90944D4A55D9939234D7A9C3367017","00000000000000000000000000000000","None","0",""
"619","298EC7074957B36BF845BF8CECD52F3F","","0","2020.07.10-18.31.52","Publish","ConcertAdmin_DiscoverServersEvent","2E90944D4A55D9939234D7A9C3367017","00000000000000000000000000000000","None","0",""
"669","614E0E6E4377CD4E5B5EA5A7D1783710","","0","2020.07.10-18.31.53","Publish","ConcertAdmin_DiscoverServersEvent","2E90944D4A55D9939234D7A9C3367017","00000000000000000000000000000000","None","0",""
"702","6FD4CE954BB368450D3DFE87939A855D","","0","2020.07.10-18.31.54","Publish","ConcertAdmin_DiscoverServersEvent","2E90944D4A55D9939234D7A9C3367017","00000000000000000000000000000000","None","0",""
"744","D5AFF4674E5AB866AE27BE9072BE6537","","0","2020.07.10-18.31.55","Publish","ConcertAdmin_DiscoverServersEvent","2E90944D4A55D9939234D7A9C3367017","00000000000000000000000000000000","None","0",""
"783","B7F62AC445258EA1156447B02E5EDAFD","","0","2020.07.10-18.31.56","Publish","ConcertAdmin_DiscoverServersEvent","2E90944D4A55D9939234D7A9C3367017","00000000000000000000000000000000","None","0",""
"824","27EA521546A19E7A12994588A9CDE1E0","","0","2020.07.10-18.31.57","Publish","ConcertAdmin_DiscoverServersEvent","2E90944D4A55D9939234D7A9C3367017","00000000000000000000000000000000","None","0",""
"867","45DC17B041FC032ED5EA318E1F4F946C","","0","2020.07.10-18.31.58","Publish","ConcertAdmin_DiscoverServersEvent","2E90944D4A55D9939234D7A9C3367017","00000000000000000000000000000000","None","0",""
"868","3D173F6A405B38EAFCA3CEB4C822446B","","0","2020.07.10-18.32.00","Publish","ConcertAdmin_DiscoverServersEvent","2E90944D4A55D9939234D7A9C3367017","00000000000000000000000000000000","None","0",""
"901","6BA846704AB14DC90CE13A82529F11D3","","0","2020.07.10-18.32.01","Publish","ConcertAdmin_DiscoverServersEvent","2E90944D4A55D9939234D7A9C3367017","00000000000000000000000000000000","None","0",""
"934","902C1A5640670FACF7A3039F24F7400E","","0","2020.07.10-18.32.02","Publish","ConcertAdmin_DiscoverServersEvent","2E90944D4A55D9939234D7A9C3367017","00000000000000000000000000000000","None","0",""
"968","2928E65D49C99A97CFF206B9754A8742","","0","2020.07.10-18.32.03","Publish","ConcertAdmin_DiscoverServersEvent","2E90944D4A55D9939234D7A9C3367017","00000000000000000000000000000000","None","0",""
"1002","B27B711F4B3968E76EF196B18498A531","","0","2020.07.10-18.32.04","Publish","ConcertAdmin_DiscoverServersEvent","2E90944D4A55D9939234D7A9C3367017","00000000000000000000000000000000","None","0",""
"1036","F0131EB044D8075BEA87FE801900CC8B","","0","2020.07.10-18.32.05","Publish","ConcertAdmin_DiscoverServersEvent","2E90944D4A55D9939234D7A9C3367017","00000000000000000000000000000000","None","0",""
"1081","17D8056B4FE202F1EDFE3FB0C6E58AA1","","0","2020.07.10-18.32.06","Publish","ConcertAdmin_DiscoverServersEvent","2E90944D4A55D9939234D7A9C3367017","00000000000000000000000000000000","None","0",""
"1124","4744915746AAC55E3D31EFBC148F8878","","0","2020.07.10-18.32.07","Publish","ConcertAdmin_DiscoverServersEvent","2E90944D4A55D9939234D7A9C3367017","00000000000000000000000000000000","None","0",""
"1172","08EC2BD04F2DA1E989425E86ACD39FDC","","0","2020.07.10-18.32.08","Publish","ConcertAdmin_DiscoverServersEvent","2E90944D4A55D9939234D7A9C3367017","00000000000000000000000000000000","None","0",""
"1222","70926395487952D80C5FAC972816AC14","","0","2020.07.10-18.32.09","Publish","ConcertAdmin_DiscoverServersEvent","2E90944D4A55D9939234D7A9C3367017","00000000000000000000000000000000","None","0",""
"1274","2AD29ECF4DF20E867A7494A9DBBA578D","","0","2020.07.10-18.32.10","Publish","ConcertAdmin_DiscoverServersEvent","2E90944D4A55D9939234D7A9C3367017","00000000000000000000000000000000","None","0",""
"1312","340473004F3E12DBD292BD8D93E8CD91","","0","2020.07.10-18.32.11","Publish","ConcertAdmin_DiscoverServersEvent","2E90944D4A55D9939234D7A9C3367017","00000000000000000000000000000000","None","0",""
"1353","D6E2910C4E9EF4890F5751A65297F71C","","0","2020.07.10-18.32.12","Publish","ConcertAdmin_DiscoverServersEvent","2E90944D4A55D9939234D7A9C3367017","00000000000000000000000000000000","None","0",""
"1395","0AD87BCA41611B461AB8E5AAD01F779E","","0","2020.07.10-18.32.13","Publish","ConcertAdmin_DiscoverServersEvent","2E90944D4A55D9939234D7A9C3367017","00000000000000000000000000000000","None","0",""
"1433","76BFC9494BE04AD099A229A1463460CA","","0","2020.07.10-18.32.14","Publish","ConcertAdmin_DiscoverServersEvent","2E90944D4A55D9939234D7A9C3367017","00000000000000000000000000000000","None","0",""
"1480","8C23003F4D4E4647B470B3BB30D648A2","","0","2020.07.10-18.32.15","Publish","ConcertAdmin_DiscoverServersEvent","2E90944D4A55D9939234D7A9C3367017","00000000000000000000000000000000","None","0",""
"1526","3FE3DBA84697C51A8A73A584A0F5C352","","0","2020.07.10-18.32.16","Publish","ConcertAdmin_DiscoverServersEvent","2E90944D4A55D9939234D7A9C3367017","00000000000000000000000000000000","None","0",""
"1573","6F7D47A245FF0DE314B2CCA2A80FA8AF","","0","2020.07.10-18.32.17","Publish","ConcertAdmin_DiscoverServersEvent","2E90944D4A55D9939234D7A9C3367017","00000000000000000000000000000000","None","0",""
"1618","9FF49C0F4DE99648D674CDAF62610FAE","","0","2020.07.10-18.32.18","Publish","ConcertAdmin_DiscoverServersEvent","2E90944D4A55D9939234D7A9C3367017","00000000000000000000000000000000","None","0",""
"1661","E86D55214D1CCBDC5ED3FABAB99353A3","","0","2020.07.10-18.32.19","Publish","ConcertAdmin_DiscoverServersEvent","2E90944D4A55D9939234D7A9C3367017","00000000000000000000000000000000","None","0",""
"1698","DC2CD7314AD2EABF53C6609E6DC15798","","0","2020.07.10-18.32.20","Publish","ConcertAdmin_DiscoverServersEvent","2E90944D4A55D9939234D7A9C3367017","00000000000000000000000000000000","None","0",""
"1729","2FC023654D4BA089C148A29DF1D68283","","0","2020.07.10-18.32.21","Publish","ConcertAdmin_DiscoverServersEvent","2E90944D4A55D9939234D7A9C3367017","00000000000000000000000000000000","None","0",""
"1776","F0FA47B04EC92980812EAB89568B96AC","","0","2020.07.10-18.32.22","Publish","ConcertAdmin_DiscoverServersEvent","2E90944D4A55D9939234D7A9C3367017","00000000000000000000000000000000","None","0",""
